skill_id,skill_name,has_script,moment_type,moment_id,has_condition,effect_id,effect_name
1001,快速防守,False,BeforeUnderAction,1001003,Yes,3000001,SetActionWheelToNow
1001,快速防守,False,BeforeClash,1001004,Yes,119000701,AddBuff
1001,快速防守,False,AfterAction,1001006,No,400001,AddRandomKey
1002,起势,False,ActionWheelStart,1002001,No,400003,AddRandomKey
1002,起势,False,ReleaseSkillAction,1002002,No,900002,AddRandonKeyToDefineCount
1002,起势,False,AfterAction,1002003,No,400001,AddRandomKey
1003,借力,False,BeforeClash,1003003,No,500001,GetSkillSameKey
1004,汲苦,False,ActionWheelStart,1004003,No,119000301,AddBuff
1004,汲苦,False,BeforeClash,1004005,Yes,119000701,AddBuff
1004,汲苦,False,AfterUnderAction,1004007,Yes,3300001,SetBeDamageInSkillAction
1004,汲苦,False,SkillEnd,1004004,No,19000301,RemoveBuff
1004,汲苦,False,SkillEnd,1004008,Yes,101001,ChangeProperty
1005,招架,False,BeforeClash,1005003,Yes,119000701,AddBuff
1005,招架,False,AfterAction,1005005,No,400001,AddRandomKey
1006,外炁屏障,False,DoDesitionAction,1006001,No,2300001,ChangeSkillGangQiCostByUnitRes
1006,外炁屏障,False,ReleaseSkillAction,1006002,No,3800001,GetShieldBuffByPowerPct
1006,外炁屏障,False,AfterAction,1006003,No,3810001,GetArmorBuffByPowerPct
1007,风传,False,DoDesitionAction,1007001,No,2900002,ChangeActionWheel
1007,风传,False,ReleaseSkillAction,1007002,No,121004102,AddBuff
1007,风传,False,ReleaseSkillAction,1007002,No,22001100,RemoveBuff
1007,风传,False,AfterAction,1007003,No,102002,ChangeProperty
1007,风传,False,AfterAction,1007003,No,400002,AddRandomKey
1007,风传,False,AfterAction,1007003,No,400012,AddRandomKey
1008,临阵之志,False,DoDesitionAction,1008001,No,2900001,ChangeActionWheel
1008,临阵之志,False,ReleaseSkillAction,1008002,No,111003101,AddBuff
1008,临阵之志,False,AfterAction,1008003,No,119000904,AddBuff
1009,聚炁,False,ReleaseSkillAction,1009001,No,101001,ChangeProperty
1009,聚炁,False,ReleaseSkillAction,1009001,No,102003,ChangeProperty
1012,铩血功,False,ReleaseSkillAction,1012001,No,3810001,GetArmorBuffByPowerPct
1012,铩血功,False,ReleaseSkillAction,1012001,No,102004,ChangeProperty
1012,铩血功,False,AfterUnderAction,1012002,Yes,3810002,ConvertDamageToArmorBuff
1014,披茧功,False,ReleaseSkillAction,1014002,No,3900002,ConvertBuffAbnormalToGain
1014,披茧功,False,AfterAction,1014003,No,400006,AddRandomKey
1014,披茧功,False,AfterAction,1014003,No,111001102,AddBuff
1015,汇力诀,False,DoDesitionAction,1015001,No,111001103,AddBuff
1015,汇力诀,False,ReleaseSkillAction,1015002,No,101002,ChangeProperty
1015,汇力诀,False,AfterAction,1015003,No,111009101,AddBuff
1015,汇力诀,False,AfterAction,1015003,No,111007102,AddBuff
1016,玄龙灌体,False,ReleaseSkillAction,1016002,No,111009102,AddBuff
1016,玄龙灌体,False,ReleaseSkillAction,1016002,No,111007103,AddBuff
1016,玄龙灌体,False,ReleaseSkillAction,1016002,No,111005104,AddBuff
1016,玄龙灌体,False,AfterAction,1016003,No,400005,AddRandomKey
1017,调步,False,ReleaseSkillAction,1017001,No,111006102,AddBuff
1017,调步,False,AfterAction,1017002,No,600004,RandomAllKey
1017,调步,False,AfterAction,1017002,No,3400001,AddActionTimes
1018,生生不息,False,ReleaseSkillAction,1018002,No,104001,ChangeProperty
1018,生生不息,False,AfterAction,1018003,No,102005,ChangeProperty
1019,生生不息,False,ReleaseSkillAction,1019002,No,104002,ChangeProperty
1019,生生不息,False,AfterAction,1019003,No,102006,ChangeProperty
1020,灵归,False,DoDesitionAction,1020001,No,400005,AddRandomKey
1020,灵归,False,ReleaseSkillAction,1020002,No,4100002,RemoveAllKeyAndAddAllKey
1020,灵归,False,AfterAction,1020003,No,102007,ChangeProperty
1021,观,False,DoDesitionAction,1021001,No,2900011,ChangeActionWheel
1021,观,False,ReleaseSkillAction,1021002,No,111001103,AddBuff
1021,观,False,ReleaseSkillAction,1021002,No,3400001,AddActionTimes
1022,灵归,False,DoDesitionAction,1022002,No,400005,AddRandomKey
1022,灵归,False,ReleaseSkillAction,1022003,No,4100002,RemoveAllKeyAndAddAllKey
1022,灵归,False,AfterAction,1022004,No,102007,ChangeProperty
1023,铁筋功,False,BeforeClash,1023003,No,142011103,AddBuff
1023,铁筋功,False,AfterAction,1023004,No,400001,AddRandomKey
1024,焚羽凌霄,False,ActionWheelStart,1024001,No,111004110,AddBuff
1024,焚羽凌霄,False,ActionWheelStart,1024001,No,112001110,AddBuff
1024,焚羽凌霄,False,ActionWheelStart,1024001,No,111006105,AddBuff
1024,焚羽凌霄,False,ActionWheelStart,1024001,No,111005105,AddBuff
1024,焚羽凌霄,False,ActionWheelStart,1024001,No,112009105,AddBuff
1024,焚羽凌霄,False,ActionWheelStart,1024001,No,112010105,AddBuff
1024,焚羽凌霄,False,ReleaseSkillAction,1024002,No,111007105,AddBuff
1024,焚羽凌霄,False,ReleaseSkillAction,1024002,No,111008105,AddBuff
1024,焚羽凌霄,False,ReleaseSkillAction,1024002,No,111009105,AddBuff
1024,焚羽凌霄,False,ReleaseSkillAction,1024002,No,111010105,AddBuff
1024,焚羽凌霄,False,ReleaseSkillAction,1024002,No,112011105,AddBuff
1024,焚羽凌霄,False,ReleaseSkillAction,1024002,No,112012105,AddBuff
1024,焚羽凌霄,False,ReleaseSkillAction,1024002,No,112013105,AddBuff
1024,焚羽凌霄,False,ReleaseSkillAction,1024002,No,112014105,AddBuff
1024,焚羽凌霄,False,AfterAction,1024003,No,105001,SetProperty
1024,焚羽凌霄,False,AfterAction,1024003,No,106001,SetProperty
1024,焚羽凌霄,False,AfterAction,1024003,No,400005,AddRandomKey
1025,1025,False,ActionWheelStart,1025001,No,111004110,AddBuff
1025,1025,False,ActionWheelStart,1025001,No,112001110,AddBuff
1025,1025,False,ReleaseSkillAction,1025002,No,111008105,AddBuff
1025,1025,False,ReleaseSkillAction,1025002,No,111010105,AddBuff
1025,1025,False,ReleaseSkillAction,1025002,No,142012105,AddBuff
1025,1025,False,AfterAction,1025003,No,400005,AddRandomKey
1026,鸩姿,False,ActionWheelStart,1026001,No,900000,AddRandonKeyToDefineCount
1026,鸩姿,False,ReleaseSkillAction,1026002,No,3400001,AddActionTimes
1026,鸩姿,False,ReleaseSkillAction,1026002,No,119000401,AddBuff
1027,1027,False,BeforeClash,1027003,Yes,101005,ChangeProperty
1027,1027,False,BeforeClash,1027004,Yes,101018,ChangeProperty
1028,逃之夭夭,False,ReleaseSkillAction,1028002,No,9800001,ExitBattle
1029,周旋,False,ReleaseSkillAction,1029001,No,111002101,AddBuff
1029,周旋,False,AfterAction,1029002,No,400004,AddRandomKey
1030,遁江,False,DoDesitionAction,1030001,Yes,111016101,AddBuff
1030,遁江,False,AfterAction,1030002,No,101005,ChangeProperty
1031,好戏开场,False,DoDesitionAction,1031001,No,2900011,ChangeActionWheel
1031,好戏开场,False,ReleaseSkillAction,1031002,No,119000502,AddBuff
1032,围追堵截,False,ReleaseSkillAction,1032003,Yes,4200021,ChangeTargetToOther
1033,妖化,False,ReleaseSkillAction,1033001,No,111011102,AddBuff
1033,妖化,False,AfterAction,1033002,No,102008,ChangeProperty
1033,妖化,False,AfterAction,1033002,No,119000802,AddBuff
1034,叩天门,False,DoDesitionAction,1034001,No,113040101,AddBuff
1034,叩天门,False,ReleaseSkillAction,1034002,No,3400001,AddActionTimes
1036,舔舐伤口,False,ReleaseSkillAction,1036001,No,4300131,ClearAbnormalBuffAndAddGainBuff
1038,蜷缩抽搐,False,BeforeClash,1038003,Yes,119000701,AddBuff
1038,蜷缩抽搐,False,ReleaseSkillAction,1038004,No,4401202,ClearBuffByType
1038,蜷缩抽搐,False,ReleaseSkillAction,1038004,No,111017110,AddBuff
1040,舔舐伤口,False,ReleaseSkillAction,1040001,No,4300132,ClearAbnormalBuffAndAddGainBuff
1041,生生不息,False,ReleaseSkillAction,1041002,No,104003,ChangeProperty
1041,生生不息,False,AfterAction,1041003,No,102008,ChangeProperty
1042,生生不息,False,ReleaseSkillAction,1042002,No,104004,ChangeProperty
1042,生生不息,False,AfterAction,1042003,No,102009,ChangeProperty
1043,灵归,False,DoDesitionAction,1043001,No,400005,AddRandomKey
1043,灵归,False,ReleaseSkillAction,1043002,No,4100002,RemoveAllKeyAndAddAllKey
1043,灵归,False,AfterAction,1043003,No,102008,ChangeProperty
1044,灵归,False,DoDesitionAction,1044001,No,400005,AddRandomKey
1044,灵归,False,ReleaseSkillAction,1044002,No,4100002,RemoveAllKeyAndAddAllKey
1044,灵归,False,AfterAction,1044003,No,102009,ChangeProperty
1046,舔舐伤口,False,ReleaseSkillAction,1046001,No,4300132,ClearAbnormalBuffAndAddGainBuff
1048,1048,False,ReleaseSkillAction,1048001,No,111021103,AddBuff
1049,1049,False,ReleaseSkillAction,1049001,No,4401201,ClearBuffByType
1049,1049,False,ReleaseSkillAction,1049001,No,111005105,AddBuff
1049,1049,False,ReleaseSkillAction,1049001,No,111006105,AddBuff
1049,1049,False,ReleaseSkillAction,1049001,No,111004103,AddBuff
1051,遮云手,False,AfterAction,1051002,No,400001,AddRandomKey
1052,掩护我,False,ReleaseSkillAction,1052001,No,4210001,ChangeNearlyBeActionTargetToTeamOther
1052,掩护我,False,AfterAction,1052002,No,101007,ChangeProperty
1052,掩护我,False,AfterAction,1052002,No,102004,ChangeProperty
1053,水戈再起,False,ReleaseSkillAction,1053001,No,111009103,AddBuff
1053,水戈再起,False,ReleaseSkillAction,1053001,No,111007103,AddBuff
1053,水戈再起,False,ReleaseSkillAction,1053001,No,107001,ChangeProperty
1053,水戈再起,False,ReleaseSkillAction,1053001,No,108001,ChangeProperty
1053,水戈再起,False,AfterAction,1053002,No,3800003,GetShieldBuffByPowerPct
2001,基法,False,AfterAction,2001001,No,101008,ChangeProperty
2002,奇术,False,AfterAction,2002001,No,101009,ChangeProperty
2003,杀伐技,False,AfterAction,2003001,No,101010,ChangeProperty
2004,引炁为刃,False,DoDesitionAction,2004001,No,2400001,ChangeSkillXuanQiCostByUnitRes
2004,引炁为刃,False,AfterAction,2004002,No,4800001,HealGangQiPctByCurr
2005,汇点一破,False,DoDesitionAction,2005001,No,2400002,ChangeSkillXuanQiCostByUnitRes
2005,汇点一破,False,AfterAction,2005002,No,4800002,HealGangQiPctByCurr
2006,绝玄戮命,False,DoDesitionAction,2006001,No,2400003,ChangeSkillXuanQiCostByUnitRes
2006,绝玄戮命,False,AfterAction,2006002,No,4800003,HealGangQiPctByCurr
2007,黭幽幻,False,ReleaseSkillAction,2007001,No,122019103,AddBuff
2007,黭幽幻,False,AfterAction,2007002,No,101008,ChangeProperty
2021,胡乱术法,False,DoDesitionAction,2021001,No,112014103,AddBuff
2021,胡乱术法,False,ReleaseSkillAction,2021002,No,122014102,AddBuff
2024,施力压迫,False,ReleaseSkillAction,2024002,No,122009103,AddBuff
2024,施力压迫,False,ReleaseSkillAction,2024002,No,122010103,AddBuff
2025,施力压迫,False,ReleaseSkillAction,2025002,No,122009103,AddBuff
2025,施力压迫,False,ReleaseSkillAction,2025002,No,122010103,AddBuff
2031,抹残香,False,ReleaseSkillAction,2031001,Yes,122015101,AddBuff
2031,抹残香,False,ReleaseSkillAction,2031001,Yes,122007102,AddBuff
2035,小雷令,False,ReleaseSkillAction,2035001,No,122012103,AddBuff
2035,小雷令,False,AfterAction,2035002,No,102003,ChangeProperty
2036,燕子回梭,False,DoDesitionAction,2036001,No,2900001,ChangeActionWheel
2036,燕子回梭,False,ReleaseSkillAction,2036002,No,122001101,AddBuff
2036,燕子回梭,False,AfterAction,2036003,No,101008,ChangeProperty
2037,截斗运,False,ReleaseSkillAction,2037001,No,122028102,AddBuff
2039,撕裂魂魄,False,DoDesitionAction,2039001,No,2400004,ChangeSkillXuanQiCostByUnitRes
2039,撕裂魂魄,False,DoDesitionAction,2039001,No,2900001,ChangeActionWheel
2039,撕裂魂魄,False,ReleaseSkillAction,2039003,Yes,105001,SetProperty
2039,撕裂魂魄,False,ReleaseSkillAction,2039004,No,122010105,AddBuff
2039,撕裂魂魄,False,AfterAction,2039005,No,400002,AddRandomKey
2040,红湃华雾,False,AfterAction,2040001,No,101005,ChangeProperty
2040,红湃华雾,False,AfterAction,2040001,No,119001001,AddBuff
2041,穿心煞,False,DoDesitionAction,2041001,No,2400005,ChangeSkillXuanQiCostByUnitRes
2041,穿心煞,False,ReleaseSkillAction,2041002,No,122031103,AddBuff
2041,穿心煞,False,AfterAction,2041003,No,4800001,HealGangQiPctByCurr
2042,野火,False,ReleaseSkillAction,2042001,Yes,3600001,DamageToTargetByProperty
2042,野火,False,AfterAction,2042002,No,101011,ChangeProperty
2043,云螭一现,False,DoDesitionAction,2043001,No,2400003,ChangeSkillXuanQiCostByUnitRes
2043,云螭一现,False,DoDesitionAction,2043001,No,112001102,AddBuff
2043,云螭一现,False,BeforeClash,2043002,No,142009102,AddBuff
2043,云螭一现,False,ReleaseSkillAction,2043003,No,122009102,AddBuff
2043,云螭一现,False,AfterAction,2043004,No,4800001,HealGangQiPctByCurr
2044,薄暗虹霓,False,ReleaseSkillAction,2044001,Yes,122020101,AddBuff
2045,月升,False,BeforeClash,2045001,Yes,119001101,AddBuff
2045,月升,False,AfterAction,2045002,No,101005,ChangeProperty
2046,净阳火,False,DoDesitionAction,2046001,No,2400006,ChangeSkillXuanQiCostByUnitRes
2046,净阳火,False,BeforeClash,2046002,Yes,101012,ChangeProperty
2046,净阳火,False,BeforeClash,2046002,Yes,101015,ChangeProperty
2047,解术,False,ReleaseSkillAction,2047001,No,3800004,GetShieldBuffByTechPct
2048,2048,False,DoDesitionAction,2048001,No,111001103,AddBuff
2048,2048,False,AfterAction,2048002,No,101008,ChangeProperty
2049,霜连天,False,BeforeClash,2049001,No,142010103,AddBuff
2050,残月分江,False,DoDesitionAction,2050001,No,2400007,ChangeSkillXuanQiCostByUnitRes
2050,残月分江,False,ReleaseSkillAction,2050002,Yes,5300001,ReturnSkillCostKey
2051,追魂破,False,DoDesitionAction,2051001,No,4220001,ChangeTargetRandom
2051,追魂破,False,DoDesitionAction,2051002,Yes,2900001,ChangeActionWheel
2051,追魂破,False,DoDesitionAction,2051002,Yes,2900011,ChangeActionWheel
2051,追魂破,False,DoDesitionAction,2051003,No,2400003,ChangeSkillXuanQiCostByUnitRes
2051,追魂破,False,ReleaseSkillAction,2051004,No,122016101,AddBuff
2052,送长离,False,ReleaseSkillAction,2052001,No,5400022,RemoveRandomKeyWithActionTimes
2053,过阴,False,AfterAction,2053001,Yes,117205401,AddBuff
2053,过阴,False,AfterAction,2053001,Yes,117205301,AddBuff
2054,走旱势,False,ReleaseSkillAction,2054001,No,122030103,AddBuff
2054,走旱势,False,AfterAction,2054002,No,102016,ChangeProperty
2055,2055,False,ReleaseSkillAction,2055001,Yes,200004,ChangeHpByAttackDamage
2055,2055,False,ReleaseSkillAction,2055001,Yes,200005,ChangeHpByAttackDamage
2055,2055,False,AfterAction,2055002,No,101013,ChangeProperty
2056,2056,False,ReleaseSkillAction,2056001,No,6600001,RecoverRoundBeDamagePct
2056,2056,False,AfterAction,2056002,No,102001,ChangeProperty
2059,凋零,False,ReleaseSkillAction,2059002,No,5500001,AddRandomBuff
2059,凋零,False,ReleaseSkillAction,2059002,No,122016101,AddBuff
2060,夜盖胧刀,False,ReleaseSkillAction,2060001,No,122007103,AddBuff
2061,施力压迫,False,ReleaseSkillAction,2061002,No,122009103,AddBuff
2061,施力压迫,False,ReleaseSkillAction,2061002,No,122010103,AddBuff
2062,施力压迫,False,ReleaseSkillAction,2062002,No,122009103,AddBuff
2062,施力压迫,False,ReleaseSkillAction,2062002,No,122010103,AddBuff
2063,森森邪气,False,ActionWheelStart,2063001,No,400003,AddRandomKey
2064,森森邪气,False,ActionWheelStart,2064001,No,400003,AddRandomKey
2065,天汉落子,False,ReleaseSkillAction,2065001,No,127206501,AddBuff
2065,天汉落子,False,AfterAction,2065002,No,111001103,AddBuff
2065,天汉落子,False,AfterAction,2065002,No,111011103,AddBuff
2068,三丹炎,False,ActionWheelStart,2068001,No,112031105,AddBuff
2068,三丹炎,False,ReleaseSkillAction,2068002,No,122007103,AddBuff
2068,三丹炎,False,ReleaseSkillAction,2068002,No,122002103,AddBuff
2069,拒之千里,False,DoDesitionAction,2069001,No,4401201,ClearBuffByType
2069,拒之千里,False,BeforeClash,2069002,No,111017101,AddBuff
2071,律令风行,False,DoDesitionAction,2071001,No,111004101,AddBuff
2072,2072,False,ReleaseSkillAction,2072001,No,119001602,AddBuff
2073,2073,False,ReleaseSkillAction,2073001,Yes,122030103,AddBuff
2073,2073,False,ReleaseSkillAction,2073002,Yes,122030102,AddBuff
3001,佯攻,False,AfterAction,3001001,No,102001,ChangeProperty
3002,三段式,False,AfterAction,3002001,No,102010,ChangeProperty
3003,攻敌式,False,AfterAction,3003001,No,102011,ChangeProperty
3004,试探试探,False,DoDesitionAction,3004001,No,2300002,ChangeSkillGangQiCostByUnitRes
3004,试探试探,False,AfterAction,3004002,No,4900001,HealXuanQiPctByCurr
3005,迎面对敌,False,DoDesitionAction,3005001,No,2300003,ChangeSkillGangQiCostByUnitRes
3005,迎面对敌,False,AfterAction,3005002,No,4900002,HealXuanQiPctByCurr
3006,倾力打击,False,DoDesitionAction,3006001,No,2300004,ChangeSkillGangQiCostByUnitRes
3006,倾力打击,False,AfterAction,3006002,No,4900003,HealXuanQiPctByCurr
3007,迅攻,False,DoDesitionAction,3007001,No,2900002,ChangeActionWheel
3007,迅攻,False,AfterAction,3007002,No,102003,ChangeProperty
3008,折燕,False,DoDesitionAction,3008001,No,2300005,ChangeSkillGangQiCostByUnitRes
3008,折燕,False,DoDesitionAction,3008002,Yes,119001702,AddBuff
3010,贴身向前,False,AfterAction,3010001,No,102001,ChangeProperty
3010,贴身向前,False,AfterAction,3010001,No,111003101,AddBuff
3011,蓄势待发,False,DoDesitionAction,3011001,No,122001103,AddBuff
3012,破竹,False,ReleaseSkillAction,3012001,No,122002110,AddBuff
3012,破竹,False,AfterAction,3012002,No,102002,ChangeProperty
3013,洪钟,False,DoDesitionAction,3013001,No,2300005,ChangeSkillGangQiCostByUnitRes
3013,洪钟,False,DoDesitionAction,3013001,No,112001101,AddBuff
3013,洪钟,False,ReleaseSkillAction,3013002,No,122002103,AddBuff
3014,拔山,False,DoDesitionAction,3014001,No,2300001,ChangeSkillGangQiCostByUnitRes
3015,芟荑,False,ReleaseSkillAction,3015001,Yes,6900001,ReturnSkillResourceCost
3017,点穴,False,ReleaseSkillAction,3017001,No,5500003,AddRandomBuff
3018,弹刹,False,AfterAction,3018001,No,3400001,AddActionTimes
3022,掠捕,False,AfterAction,3022002,No,102001,ChangeProperty
3024,反击,False,AfterAction,3024001,No,102001,ChangeProperty
3025,如骑,False,AfterAction,3025002,No,102010,ChangeProperty
3026,龙游雷,False,DoDesitionAction,3026001,No,111014103,AddBuff
3027,舍我,False,AfterAction,3027001,No,102001,ChangeProperty
3028,苦既吾身,False,DoDesitionAction,3028001,No,2300001,ChangeSkillGangQiCostByUnitRes
3028,苦既吾身,False,ReleaseSkillAction,3028002,No,200003,ChangeHpByAttackDamage
3028,苦既吾身,False,AfterAction,3028003,No,4900004,HealXuanQiPctByCurr
3029,绊手拌脚,False,ReleaseSkillAction,3029001,No,5000202,RemoveRandomKey
3029,绊手拌脚,False,AfterAction,3029002,No,102003,ChangeProperty
3030,横蛮断骨,False,ReleaseSkillAction,3030001,No,122011102,AddBuff
3030,横蛮断骨,False,AfterAction,3030002,No,102001,ChangeProperty
3031,莽袭,False,DoDesitionAction,3031001,No,2300006,ChangeSkillGangQiCostByUnitRes
3031,莽袭,False,AfterAction,3031002,No,112011104,AddBuff
3032,炁乱筋伤,False,DoDesitionAction,3032001,No,2300001,ChangeSkillGangQiCostByUnitRes
3032,炁乱筋伤,False,ReleaseSkillAction,3032002,Yes,122013102,AddBuff
3033,开口子,False,ReleaseSkillAction,3033001,No,122008102,AddBuff
3033,开口子,False,AfterAction,3033002,No,102001,ChangeProperty
3035,,False,DoDesitionAction,3035001,No,113008101,AddBuff
3035,,False,ReleaseSkillAction,3035002,No,142011102,AddBuff
3037,,False,DoDesitionAction,3037001,No,113010101,AddBuff
3038,冥降,False,ReleaseSkillAction,3038002,Yes,200002,ChangeHpByAttackDamage
3039,同灾,False,ReleaseSkillAction,3039002,No,5901222,AddHasBuff
3041,虎烈袭,False,ReleaseSkillAction,3041001,No,122001103,AddBuff
3041,虎烈袭,False,ReleaseSkillAction,3041001,No,122009103,AddBuff
3041,虎烈袭,False,AfterAction,3041002,No,102001,ChangeProperty
3042,极百炼,False,ReleaseSkillAction,3042001,No,111009103,AddBuff
3042,极百炼,False,ReleaseSkillAction,3042001,No,111010103,AddBuff
3043,冥降,False,ReleaseSkillAction,3043002,Yes,200002,ChangeHpByAttackDamage
3046,空神,False,ActionWheelStart,3046001,No,5600001,RemoveKey
3046,空神,False,AfterAction,3046004,No,112009104,AddBuff
3047,戏目,False,BeforeClash,3047001,No,142017101,AddBuff
3048,以牙还牙,False,DoDesitionAction,3048001,No,2300004,ChangeSkillGangQiCostByUnitRes
3048,以牙还牙,False,AfterAction,3048003,No,112011103,AddBuff
3049,枯芒乍秋,False,AfterAction,3049001,No,102012,ChangeProperty
3049,枯芒乍秋,False,AfterAction,3049001,No,119001501,AddBuff
3050,庇身雷,False,AfterAction,3050001,No,102012,ChangeProperty
3050,庇身雷,False,AfterAction,3050001,No,119001501,AddBuff
3052,黑手,False,DoDesitionAction,3052001,No,2900001,ChangeActionWheel
3052,黑手,False,ReleaseSkillAction,3052002,Yes,122002101,AddBuff
3053,夺梢,False,ReleaseSkillAction,3053001,No,122008101,AddBuff
3053,夺梢,False,AfterAction,3053002,No,102012,ChangeProperty
3054,铁掣,False,AfterAction,3054001,No,102013,ChangeProperty
3055,急乱冲撞,False,DoDesitionAction,3055001,No,4401202,ClearBuffByType
3055,急乱冲撞,False,ReleaseSkillAction,3055002,No,122032101,AddBuff
3055,急乱冲撞,False,AfterAction,3055003,No,112032101,AddBuff
3056,猛烈压铸,False,ReleaseSkillAction,3056002,No,122032101,AddBuff
3057,排开,False,DoDesitionAction,3057001,No,111017103,AddBuff
3057,排开,False,ReleaseSkillAction,3057002,No,4402102,ClearBuffByType
3058,铁爪功,False,ReleaseSkillAction,3058001,No,122017101,AddBuff
3058,铁爪功,False,AfterAction,3058002,No,102001,ChangeProperty
3059,猛虎下山,False,DoDesitionAction,3059001,No,2400009,ChangeSkillXuanQiCostByUnitRes
3059,猛虎下山,False,BeforeClash,3059002,No,111009101,AddBuff
3060,飞花落,False,ReleaseSkillAction,3060001,No,122008101,AddBuff
3060,飞花落,False,AfterAction,3060002,No,102001,ChangeProperty
3060,飞花落,False,AfterAction,3060002,No,6200001,TriggerBuffTimes
3061,破镜,False,DoDesitionAction,3061001,No,2300004,ChangeSkillGangQiCostByUnitRes
3061,破镜,False,DoDesitionAction,3061001,No,2900012,ChangeActionWheel
3062,大鱼上钩,False,ReleaseSkillAction,3062001,Yes,107003,ChangeProperty
3063,罴袭式,False,ReleaseSkillAction,3063001,Yes,122007102,AddBuff
3066,血涌天,False,ActionWheelStart,3066001,No,112008104,AddBuff
3066,血涌天,False,ActionWheelStart,3066001,No,111009102,AddBuff
3066,血涌天,False,BeforeClash,3066002,No,142008102,AddBuff
3066,血涌天,False,BeforeClash,3066002,No,142008102,AddBuff
3066,血涌天,False,AfterAction,3066003,No,102001,ChangeProperty
3067,沉舟擒钩,False,AfterAction,3067001,No,111004102,AddBuff
3068,天罗地网,False,DoDesitionAction,3068001,Yes,122007102,AddBuff
3068,天罗地网,False,ReleaseSkillAction,3068002,No,122015101,AddBuff
3069,断潮索,False,BeforeClash,3069001,No,142028101,AddBuff
3069,断潮索,False,ReleaseSkillAction,3069002,No,4402101,ClearBuffByType
3070,黑舸翻波,False,BeforeClash,3070001,No,111003101,AddBuff
3070,黑舸翻波,False,AfterAction,3070002,No,102001,ChangeProperty
3073,,False,AfterAction,3073002,No,102010,ChangeProperty
3074,,False,DoDesitionAction,3074001,No,2400001,ChangeSkillXuanQiCostByUnitRes
3074,,False,AfterAction,3074002,Yes,4900004,HealXuanQiPctByCurr
3074,,False,AfterAction,3074002,Yes,4900001,HealXuanQiPctByCurr
3075,寸兵释武,False,AfterAction,3075002,Yes,11009100,RemoveBuff
3077,,False,ReleaseSkillAction,3077001,Yes,101019,ChangeProperty
3078,,False,ReleaseSkillAction,3078001,No,122017102,AddBuff
3079,,False,DoDesitionAction,3079001,No,2500001,SetAccumulateDamage
3079,,False,ReleaseSkillAction,3079003,No,111009103,AddBuff
3079,,False,AfterAction,3079004,No,13037100,RemoveBuff
3080,,False,BeforeClash,3080001,No,113037104,AddBuff
3080,,False,ReleaseSkillAction,3080002,No,122002101,AddBuff
3081,暗喑,False,ReleaseSkillAction,3081001,Yes,122021101,AddBuff
3081,暗喑,False,ReleaseSkillAction,3081001,Yes,122014102,AddBuff
3082,,False,ReleaseSkillAction,3082001,Yes,122020102,AddBuff
3083,移祸,False,ReleaseSkillAction,3083002,Yes,5701220,TransferBuff
3083,移祸,False,ReleaseSkillAction,3083002,Yes,5701222,TransferBuff
3085,撼地,False,BeforeClash,3085002,No,5000202,RemoveRandomKey
3085,撼地,False,ReleaseSkillAction,3085003,No,122028102,AddBuff
3087,当头猛击,False,ReleaseSkillAction,3087001,Yes,122032101,AddBuff
3090,扬雾,False,BeforeClash,3090001,Yes,112034102,AddBuff
3090,扬雾,False,ReleaseSkillAction,3090003,No,122001102,AddBuff
3091,炁洪东隅,False,DoDesitionAction,3091001,No,2300001,ChangeSkillGangQiCostByUnitRes
3092,晴澜九耀,False,DoDesitionAction,3092001,No,6301201,ChangeChrono
3092,晴澜九耀,False,ReleaseSkillAction,3092002,No,6401201,ChangeWeather
3092,晴澜九耀,False,AfterAction,3092003,No,6700001,SetMinRecoverQiNatural
3095,冥降,False,ReleaseSkillAction,3095002,Yes,200002,ChangeHpByAttackDamage
3096,冥降,False,ReleaseSkillAction,3096002,Yes,200002,ChangeHpByAttackDamage
3099,移祸,False,ReleaseSkillAction,3099002,Yes,5701220,TransferBuff
3099,移祸,False,ReleaseSkillAction,3099002,Yes,5701222,TransferBuff
3102,当头猛击,False,ReleaseSkillAction,3102001,Yes,122032101,AddBuff
3104,移祸,False,ReleaseSkillAction,3104002,Yes,5701220,TransferBuff
3104,移祸,False,ReleaseSkillAction,3104002,Yes,5701223,TransferBuff
3107,当头猛击,False,ReleaseSkillAction,3107001,Yes,122032101,AddBuff
3110,,False,ReleaseSkillAction,3110001,No,122016102,AddBuff
3112,,False,ReleaseSkillAction,3112001,No,122011103,AddBuff
3113,,False,ReleaseSkillAction,3113001,No,122012103,AddBuff
3114,,False,ActionWheelStart,3114001,No,111007102,AddBuff
3114,,False,ReleaseSkillAction,3114003,No,5000201,RemoveRandomKey
3115,惊鸿,False,AfterAction,3115002,No,102001,ChangeProperty
3115,惊鸿,False,AfterAction,3115002,No,5000101,RemoveRandomKey
4001,炁转逆参,False,ReleaseSkillAction,4001001,No,122007104,AddBuff
4002,六爻速断,False,DoDesitionAction,4002001,No,2900003,ChangeActionWheel
4002,六爻速断,False,ReleaseSkillAction,4002002,No,162007101,AddBuff
4003,清神咒,False,ReleaseSkillAction,4003002,No,4401200,ClearBuffByType
4003,清神咒,False,AfterAction,4003003,No,400002,AddRandomKey
4003,清神咒,False,SkillEnd,4003004,No,119001302,AddBuff
4004,藏身咒,False,DoDesitionAction,4004001,No,2400002,ChangeSkillXuanQiCostByUnitRes
4004,藏身咒,False,ReleaseSkillAction,4004002,No,111012101,AddBuff
4005,隐魂咒,False,DoDesitionAction,4005001,No,2400002,ChangeSkillXuanQiCostByUnitRes
4005,隐魂咒,False,ReleaseSkillAction,4005002,No,111013101,AddBuff
4006,借法,False,ReleaseSkillAction,4006001,No,102010,ChangeProperty
4006,借法,False,AfterAction,4006002,No,111018104,AddBuff
4007,阳挪步,False,DoDesitionAction,4007001,No,2900001,ChangeActionWheel
4007,阳挪步,False,ReleaseSkillAction,4007002,No,101014,ChangeProperty
4008,阴腾步,False,DoDesitionAction,4008001,No,2900001,ChangeActionWheel
4008,阴腾步,False,ReleaseSkillAction,4008002,No,102014,ChangeProperty
4009,止水,False,DoDesitionAction,4009001,No,119001402,AddBuff
4009,止水,False,ReleaseSkillAction,4009002,No,101001,ChangeProperty
4010,毋言,False,ReleaseSkillAction,4010001,No,122021105,AddBuff
4011,化空,False,DoDesitionAction,4011001,No,2900012,ChangeActionWheel
4011,化空,False,ReleaseSkillAction,4011002,No,4402100,ClearBuffByType
4013,剑出,False,DoDesitionAction,4013001,No,2900003,ChangeActionWheel
4013,剑出,False,ReleaseSkillAction,4013002,No,113007103,AddBuff
4015,溯流,False,DoDesitionAction,4015001,Yes,102010,ChangeProperty
4015,溯流,False,ReleaseSkillAction,4015002,No,101001,ChangeProperty
4016,燃息,False,DoDesitionAction,4016001,No,3400001,AddActionTimes
4016,燃息,False,ReleaseSkillAction,4016003,No,113028101,AddBuff
4017,牵丝引线,False,AfterAction,4017003,No,101016,ChangeProperty
4020,行字诀,False,DoDesitionAction,4020001,No,3400001,AddActionTimes
4021,乍起,False,ReleaseSkillAction,4021002,No,111007103,AddBuff
4021,乍起,False,ReleaseSkillAction,4021002,No,111008103,AddBuff
4021,乍起,False,ReleaseSkillAction,4021002,No,3400001,AddActionTimes
4021,乍起,False,AfterAction,4021003,No,102015,ChangeProperty
4022,乍起,False,ReleaseSkillAction,4022002,No,111007105,AddBuff
4022,乍起,False,ReleaseSkillAction,4022002,No,111008105,AddBuff
4022,乍起,False,ReleaseSkillAction,4022002,No,3400001,AddActionTimes
4022,乍起,False,AfterAction,4022003,No,102015,ChangeProperty
4023,恶念,False,BeforeClash,4023001,No,400002,AddRandomKey
4023,恶念,False,BeforeClash,4023001,No,400032,AddRandomKey
4023,恶念,False,ReleaseSkillAction,4023002,No,122002103,AddBuff
4023,恶念,False,ReleaseSkillAction,4023002,No,122008103,AddBuff
4024,恶念,False,BeforeClash,4024001,No,400002,AddRandomKey
4024,恶念,False,BeforeClash,4024001,No,400032,AddRandomKey
4024,恶念,False,ReleaseSkillAction,4024002,No,122002105,AddBuff
4024,恶念,False,ReleaseSkillAction,4024002,No,122008105,AddBuff
4025,抽牌,False,BeforeClash,4025003,No,400032,AddRandomKey
4025,抽牌,False,ReleaseSkillAction,4025004,No,900000,AddRandonKeyToDefineCount
4026,抽牌,False,BeforeClash,4026003,No,400032,AddRandomKey
4026,抽牌,False,ReleaseSkillAction,4026004,No,900000,AddRandonKeyToDefineCount
4027,九息服气,False,ReleaseSkillAction,4027001,No,101005,ChangeProperty
4027,九息服气,False,ReleaseSkillAction,4027001,No,102002,ChangeProperty
4027,九息服气,False,ReleaseSkillAction,4027001,No,4401202,ClearBuffByType
4028,正立无影,False,ReleaseSkillAction,4028002,No,11002100,RemoveBuff
4028,正立无影,False,ReleaseSkillAction,4028002,No,111016101,AddBuff
4030,扭曲空间,False,DoDesitionAction,4030001,No,2900012,ChangeActionWheel
4030,扭曲空间,False,DoDesitionAction,4030001,No,111012101,AddBuff
4030,扭曲空间,False,DoDesitionAction,4030001,No,111013101,AddBuff
4030,扭曲空间,False,BeforeUnderAction,4030002,Yes,3000001,SetActionWheelToNow
4030,扭曲空间,False,BeforeClash,4030003,No,142001104,AddBuff
4030,扭曲空间,False,ReleaseSkillAction,4030004,No,400002,AddRandomKey
4030,扭曲空间,False,AfterAction,4030005,No,3400001,AddActionTimes
4031,椮立诀,False,ReleaseSkillAction,4031001,No,400007,AddRandomKey
4032,心体均一,False,DoDesitionAction,4032001,No,400007,AddRandomKey
4032,心体均一,False,ReleaseSkillAction,4032002,Yes,900005,AddRandonKeyToDefineCount
4032,心体均一,False,AfterAction,4032003,No,102001,ChangeProperty
4033,共生咒,False,ReleaseSkillAction,4033001,No,122029102,AddBuff
4035,醒墨,False,DoDesitionAction,4035001,No,2900002,ChangeActionWheel
4035,醒墨,False,DoDesitionAction,4035001,No,5500002,AddRandomBuff
4036,刚炁补充,False,DoDesitionAction,4036001,Yes,2900002,ChangeActionWheel
4036,刚炁补充,False,DoDesitionAction,4036001,Yes,2900012,ChangeActionWheel
4036,刚炁补充,False,BeforeClash,4036002,No,142009103,AddBuff
4036,刚炁补充,False,ReleaseSkillAction,4036003,No,101017,ChangeProperty
4037,玄炁补充,False,DoDesitionAction,4037001,Yes,2900002,ChangeActionWheel
4037,玄炁补充,False,DoDesitionAction,4037001,Yes,2900012,ChangeActionWheel
4037,玄炁补充,False,BeforeClash,4037002,No,142009103,AddBuff
4037,玄炁补充,False,ReleaseSkillAction,4037003,No,102017,ChangeProperty
4038,乱风咒,False,BeforeClash,4038001,No,5000401,RemoveRandomKey
4038,乱风咒,False,ReleaseSkillAction,4038002,No,5000202,RemoveRandomKey
4038,乱风咒,False,ReleaseSkillAction,4038003,No,600005,RandomAllKey
4038,乱风咒,False,ReleaseSkillAction,4038004,No,122002103,AddBuff
4039,水行术,False,DoDesitionAction,4039001,Yes,111016101,AddBuff
4039,水行术,False,ReleaseSkillAction,4039002,No,400002,AddRandomKey
4039,水行术,False,AfterAction,4039003,No,101011,ChangeProperty
4040,屏息凝神,False,DoDesitionAction,4040001,No,2900011,ChangeActionWheel
4040,屏息凝神,False,ReleaseSkillAction,4040002,No,119001202,AddBuff
4042,通窍,False,ReleaseSkillAction,4042001,No,111006105,AddBuff
4042,通窍,False,AfterAction,4042002,No,117001,ChangeProperty
4042,通窍,False,AfterAction,4042002,No,118001,ChangeProperty
4043,,False,BeforeClash,4043001,No,142012105,AddBuff
4043,,False,BeforeClash,4043001,No,142002101,AddBuff
4043,,False,BeforeClash,4043002,Yes,119000701,AddBuff
4043,,False,ReleaseSkillAction,4043003,No,122012105,AddBuff
4043,,False,ReleaseSkillAction,4043003,No,122002101,AddBuff
4044,祈咒,False,BeforeClash,4044001,No,3600002,DamageToTargetByProperty
4044,祈咒,False,ReleaseSkillAction,4044002,No,3600003,DamageToTargetByProperty
4049,,False,DoDesitionAction,4049001,No,2900001,ChangeActionWheel
4050,,False,DoDesitionAction,4050001,No,2900001,ChangeActionWheel
4051,,False,DoDesitionAction,4051001,No,2900001,ChangeActionWheel
4052,角入巫,False,DoDesitionAction,4052001,No,113037104,AddBuff
4052,角入巫,False,ReleaseSkillAction,4052002,No,111009102,AddBuff
4053,羽入巫,False,DoDesitionAction,4053001,No,113038104,AddBuff
4053,羽入巫,False,ReleaseSkillAction,4053002,No,111004102,AddBuff
4054,血入巫,False,DoDesitionAction,4054001,No,113039104,AddBuff
4054,血入巫,False,ReleaseSkillAction,4054002,No,111010102,AddBuff
4056,交蚀,False,ReleaseSkillAction,4056001,Yes,102012,ChangeProperty
4056,交蚀,False,ReleaseSkillAction,4056001,Yes,111009102,AddBuff
4056,交蚀,False,ReleaseSkillAction,4056002,Yes,101011,ChangeProperty
4056,交蚀,False,ReleaseSkillAction,4056002,Yes,111010102,AddBuff
4056,交蚀,False,ReleaseSkillAction,4056003,Yes,111009105,AddBuff
4056,交蚀,False,ReleaseSkillAction,4056003,Yes,111010105,AddBuff
4057,鬼神调,False,DoDesitionAction,4057001,No,151001101,AddBuff
4057,鬼神调,False,DoDesitionAction,4057001,No,151011102,AddBuff
4057,鬼神调,False,ReleaseSkillAction,4057002,No,122018102,AddBuff
4057,鬼神调,False,ReleaseSkillAction,4057002,No,122019102,AddBuff
4058,大风天,False,ReleaseSkillAction,4058001,No,171002101,AddBuff
4059,夔雷并涡,False,ReleaseSkillAction,4059001,No,111009103,AddBuff
4059,夔雷并涡,False,ReleaseSkillAction,4059001,No,121009103,AddBuff
4059,夔雷并涡,False,ReleaseSkillAction,4059001,No,111014102,AddBuff
4059,夔雷并涡,False,ReleaseSkillAction,4059001,No,121014102,AddBuff
4060,,False,ReleaseSkillAction,4060001,No,122010105,AddBuff
4060,,False,ReleaseSkillAction,4060001,No,107002,ChangeProperty
4062,嘶哑嚎叫,False,ReleaseSkillAction,4062001,No,122013103,AddBuff
4062,嘶哑嚎叫,False,ReleaseSkillAction,4062001,No,122010104,AddBuff
4062,嘶哑嚎叫,False,ReleaseSkillAction,4062001,No,122002101,AddBuff
4062,嘶哑嚎叫,False,AfterAction,4062002,No,3400001,AddActionTimes
4063,喷吐瘴气,False,BeforeClash,4063001,No,112034101,AddBuff
4063,喷吐瘴气,False,BeforeClash,4063001,No,142034101,AddBuff
4063,喷吐瘴气,False,ReleaseSkillAction,4063002,No,122034103,AddBuff
4063,喷吐瘴气,False,ReleaseSkillAction,4063002,No,122030105,AddBuff
4064,躯壳胀破,False,DoDesitionAction,4064001,No,2900012,ChangeActionWheel
4064,躯壳胀破,False,ReleaseSkillAction,4064002,No,12034100,RemoveBuff
4064,躯壳胀破,False,ReleaseSkillAction,4064002,No,162034101,AddBuff
4064,躯壳胀破,False,ReleaseSkillAction,4064002,No,162008102,AddBuff
4065,洗兵雨,False,ReleaseSkillAction,4065001,No,4407200,ClearBuffByType
4065,洗兵雨,False,ReleaseSkillAction,4065001,No,6403208,ChangeWeather
4066,乍起,False,ReleaseSkillAction,4066002,No,111007103,AddBuff
4066,乍起,False,ReleaseSkillAction,4066002,No,111008103,AddBuff
4066,乍起,False,ReleaseSkillAction,4066002,No,3400001,AddActionTimes
4066,乍起,False,AfterAction,4066003,No,102015,ChangeProperty
4067,乍起,False,ReleaseSkillAction,4067002,No,111007105,AddBuff
4067,乍起,False,ReleaseSkillAction,4067002,No,111008105,AddBuff
4067,乍起,False,ReleaseSkillAction,4067002,No,3400001,AddActionTimes
4067,乍起,False,AfterAction,4067003,No,102015,ChangeProperty
4068,恶念,False,BeforeClash,4068001,No,5000402,RemoveRandomKey
4068,恶念,False,ReleaseSkillAction,4068002,No,122002103,AddBuff
4068,恶念,False,ReleaseSkillAction,4068002,No,122008103,AddBuff
4069,恶念,False,BeforeClash,4069001,No,5000402,RemoveRandomKey
4069,恶念,False,ReleaseSkillAction,4069002,No,122002105,AddBuff
4069,恶念,False,ReleaseSkillAction,4069002,No,122008105,AddBuff
4070,嘶哑嚎叫,False,ReleaseSkillAction,4070001,No,122013104,AddBuff
4070,嘶哑嚎叫,False,ReleaseSkillAction,4070001,No,122010105,AddBuff
4070,嘶哑嚎叫,False,ReleaseSkillAction,4070001,No,122002101,AddBuff
4070,嘶哑嚎叫,False,AfterAction,4070002,No,3400001,AddActionTimes
4071,嘶哑嚎叫,False,ReleaseSkillAction,4071001,No,122013105,AddBuff
4071,嘶哑嚎叫,False,ReleaseSkillAction,4071001,No,122010105,AddBuff
4071,嘶哑嚎叫,False,ReleaseSkillAction,4071001,No,122002102,AddBuff
4071,嘶哑嚎叫,False,AfterAction,4071002,No,3400001,AddActionTimes
4072,紫烟贯虚合炁法,False,ReleaseSkillAction,4072001,No,102010,ChangeProperty
4072,紫烟贯虚合炁法,False,ReleaseSkillAction,4072001,No,111018102,AddBuff
4072,紫烟贯虚合炁法,False,AfterAction,4072002,No,300001,AverageGangQiAndXuanQi
4074,,False,ReleaseSkillAction,4074002,No,3800005,GetShieldBuffByTechPct
4074,,False,ReleaseSkillAction,4074002,No,152001101,AddBuff
4075,隐地回八术,False,ReleaseSkillAction,4075001,Yes,106002,SetProperty
4076,手捧雷,False,DoDesitionAction,4076001,No,2900013,ChangeActionWheel
4078,,False,AfterAction,4078002,No,101019,ChangeProperty
4079,搅线,False,AfterAction,4079002,No,400004,AddRandomKey
4080,,False,ReleaseSkillAction,4080001,No,101020,ChangeProperty
4080,,False,ReleaseSkillAction,4080001,No,102018,ChangeProperty
4080,,False,ReleaseSkillAction,4080001,No,121022103,AddBuff
4081,,False,ReleaseSkillAction,4081001,No,6100001,HealHpByLosePct
4081,,False,ReleaseSkillAction,4081001,No,4402202,ClearBuffByType
4082,,False,ReleaseSkillAction,4082001,No,4402100,ClearBuffByType
4082,,False,ReleaseSkillAction,4082001,No,122035104,AddBuff
4083,,False,ReleaseSkillAction,4083002,No,111011103,AddBuff
4083,,False,AfterAction,4083003,No,3400001,AddActionTimes
4084,桑榆现,False,DoDesitionAction,4084001,No,6304101,ChangeChrono